autor,titulo,año,carrera
"Estrada Loyola, Cecilia,",Actividades complementarias para el aprendizaje de las embedded wh-clauses de los estudiantes de la licenciatura en enseñanza de inglés de la Facultad de Estudios Superiores Acatlán,2022,Enseñanza de Inglés
"Razo Sánchez, Edgar,",Relación lineal entre la motivación académica y el desempeño escolar de la generación 2016 durante la etapa terminal de la Licenciatura en Enseñanza de Inglés en la Facultad de Estudios Supe'; recordLink = '<A HREF=https://tesiunam.dgb.unam.mx:443/F/6Q7Q1UJ586IUF7VVMXSRV4FM6E5RERX8DU53JXX3UBFGXILB5K-45175?func=full-set-set&set_number=378466&set_entry=000002&format=999>2</A>,2021,Enseñanza de Inglés
"Román Mancillas, Ingrid Estephani,",Propuesta didáctica bilingüe para el aprendizaje de unidades fraseológicas somáticas en alumnos de nivel PG7 del Centro de Enseñanza de Idiomas de la Facultad de Estuidos Superiores Acatlán,2021,Enseñanza de Inglés
"Córdoba Ramírez, Andrea Noemí,",Uso de textos literarios breves para promover el desarrollo de habilidades de lectura en los alumnos de primer semestre de la licenciatura en enseñanza de inglés :una propuesta didáctica,2020,Enseñanza de Inglés
"Cervantes Cervantes, Dulce Ivonne,",Propuesta de actividades complementarias para la práctica de comprensión auditiva a partir de material auténtico para alumnos de PG1 de la FES Acatlán,2017,Enseñanza de Inglés
"Gómez Álvarez, Rebeca Hitandehui,",El uso del videoclip musical para el desarrollo de la competencia estratégica en el aprendizaje del inglés como lengua extranjera,2017,Enseñanza de Inglés
"González López, Ángel de Jesús,",Variables socioculturales y afectivas que dificultan la adquisición del inglés en inmersión :cuatro estudios de caso,2017,Enseñanza de Inglés
"Lansman, Jon William Christer Vic,",Propuesta de actividades para integrar la evaluación formativa en el curso de inglés nivel cuatro del plan global del centro de idiomas de la FES Acatlán,2017,Enseñanza de Inglés
"Saldaña Pacheco, Israel,","Delimitación de directrices para el fortalecimiento de la práctica docente, a partir de un marco general de observación de clase derivado del Programa Nacional de Inglés en Educación Básica ('; recordLink = '<A HREF=https://tesiunam.dgb.unam.mx:443/F/6Q7Q1UJ586IUF7VVMXSRV4FM6E5RERX8DU53JXX3UBFGXILB5K-45196?func=full-set-set&set_number=378466&set_entry=000009&format=999>9</A>",2017,Enseñanza de Inglés
"Zamora Miranda, Carlos Donizetti,",Los procesos metacognitivos y el desarrollo de estrategias de aprendizaje del alumno de la LEI,2017,Enseñanza de Inglés
"Bernal Montero, David Santiago,",El viaje como género etnográfico :Colombia vista desde el explorador Joseph de Brettes en la Sierra Nevada de Santa Marta (1892-1896),2022,Estudios Latinoamericanos
"Caballero Hinojosa, Sandra Karen,","Trabajo de ángel, musa y seductora :retratos fotográficos a mujeres en América Latina, selección del archivo Casasola (1917-1930)",2022,Estudios Latinoamericanos
"Castillo Jiménez, Felipe,",Ensayos desde el exilio :Reinaldo Arenas en la revista Mariel contra la tradición literaria cubana,2022,Estudios Latinoamericanos
"Castro Guadarrama, Omar,",Silvestre Paradox :la heterogénea modernización de América Latina en las crónicas tempranas desde México del escritor guatemalteco Arqueles Vela,2022,Estudios Latinoamericanos
"Garduño Guerrero, Carlos Fernando,",Los hermanos de la Costa :¿un ensayo anarquista?,2022,Estudios Latinoamericanos
"Martínez Ríos, Carolina,","La idea de la nación en el juntista, Fray Melchor de Talamantes",2022,Estudios Latinoamericanos
"Martínez Tinoco, Flor Amelia,",Hacia una metodología ILCE experiencia y contribución profesional en la dirección pedagógica (2018),2022,Estudios Latinoamericanos
"Mejía Cuéllar, Diana Karina,","La conquista visual del desierto :fotografías de la campaña del estado argentino contra indigenas, 1879-1910",2022,Estudios Latinoamericanos
"Nicolás Pablo, Griselda,","Argentina, gol y desilusión :los usos políticos del fútbol : la dictadura militar de Argentina y el Mundial de 1978",2022,Estudios Latinoamericanos
"Barroso Alamilla, Juan Antonio,",La invasión a Granada como paradigma de la política de EEUU hacia el Caribe en la década de los ochenta y la postura canadiense,2021,Estudios Latinoamericanos
"Zarate Nava, Vladimir,",Otras formas de construir autonomía :mujeres agricultoras y sus aportaciones a la autonomía de Cherán KÂ´eri,2020,Estudios Sociales y Gestión Local
"Cleto Díaz, Rosa Isela,",De las prácticas escolares a la vida comunitaria de Cherán KÂ´eri :el papel de la escuela y el docente indígena desde el marco de la autonomía comunitaria,2019,Estudios Sociales y Gestión Local
"Espinosa Rodríguez, Citlali,",Organización social en procesos socioeconómicos alternativos sustentables :el caso de la Red Tsiri,2019,Estudios Sociales y Gestión Local
"Sánchez Hernández, Carolina,",La construcción del cuerpo femenino en la solista de salsa :una mirada etnográfica al concurso Oaxaca salsa y bachata fest,2022,Etnomusicología
"González Pío, Nadia Belem,",Cuando el espíritu santo se manifiesta en ti :'; recordLink = '<A HREF=https://tesiunam.dgb.unam.mx:443/F/6Q7Q1UJ586IUF7VVMXSRV4FM6E5RERX8DU53JXX3UBFGXILB5K-45994?func=full-set-set&set_number=378477&set_entry=000002&format=999>2</A>,2020,Etnomusicología
"Navarro Vuskovic, Rodrigo Raúl,",Subjetividades diferenciales de migrantes chilenos residentes en Ciudad de México :etnografía faneroscópica de sus actos mnemónicos y monumentales (2008-2019),2020,Etnomusicología
"García Castillo, Iris Ivet,","Sonido, emoción y sociedad :etnografía de los signos acústicos no verbales de la Semana Santa en una comunidad zapoteca de los Valles Centrales de Oaxaca (México)",2019,Etnomusicología
"Morales Hernández, Claudia Cecilia,",Error :configuración de subjetividades sonoras políticas,2019,Etnomusicología
"Morales Romero, Iván,","Aztecatzitzin mexicatlalli... somos aztecas mexicanitas :música y poesía en la danza de aztecas de Santa Ana Tlacotenco (Milpa Alta, CDMX)",2019,Etnomusicología
"Nieves Molina, Alfredo,","Cuerpo, sublimación y violencia :slam en la escena heavy metal de la CDMX y Área Metropolitana (1986 - 1992)",2019,Etnomusicología
"Quezada Torres, David,",La ola de asfalto :una mirada histórica-etnográfica a la escena de la música surf en la CDMX,2019,Etnomusicología
"Basurto Robledo, Rocío,",Rituales sonoros de la santería en la Ciudad de México :una mirada desde el performance,2018,Etnomusicología
"González Luis, Ricardo,","¿quiénes son los que bailan? música y carnaval en Teotitlán del Valle, Oaxaca",2018,Etnomusicología
"Burstin Mendoza, Lia,",Efectos de la melatonina sobre el sueño de pacientes con esquizofrenia,2022,Farmacia
"Cabello Velázquez, Orlando Raunel,",Caracterización de las propiedades de funcionalidad relacionadas para un nuevo excipiente coprocesado a base de celulosa microcristalina silicificada de reciente introducción en el mercado farmac'; recordLink = '<A HREF=https://tesiunam.dgb.unam.mx:443/F/6Q7Q1UJ586IUF7VVMXSRV4FM6E5RERX8DU53JXX3UBFGXILB5K-46221?func=full-set-set&set_number=378480&set_entry=000002&format=999>2</A>,2022,Farmacia
"Castañeda Soto, Francisco Rodolfo,","Evaluación de la capacidad antioxidante de nanopartículas de quitosán con glutatión en cultivos organotípicos de hígado de rata Wistar, expuestos en concentración citotóxica de etanol",2022,Farmacia
"Mendoza Cruz, Lesly Jocelyn,","Detección, análisis y seguimiento de reacciones adversas a medicamentos en sistema hepático de pacientes hospitalizados en servicios quirúrgicos de un hospital de alta especialidad",2022,Farmacia
"Pérez Gutiérrez, Diego Alonso,",Desarrollo y caracterización de microagujas poliméricas de poli metil vinil éter del ácido maleico cargadas con ceftriaxona como alternativa novedosa para el tratamiento de infecciones en herid'; recordLink = '<A HREF=https://tesiunam.dgb.unam.mx:443/F/6Q7Q1UJ586IUF7VVMXSRV4FM6E5RERX8DU53JXX3UBFGXILB5K-46230?func=full-set-set&set_number=378480&set_entry=000005&format=999>5</A>,2022,Farmacia
"Pulido Munguía, Miguel Ángel,",Evaluación del efecto de dos mezclas de ácidos grasos sobre la inflamación y el estrés del retículo endoplásmico en células hepáticas con esteatosis,2022,Farmacia
"Blanco Alcántara, Iris Anahí,",Desarrollo de una formulación parenteral de resveratrol,2021,Farmacia
"Fernández Hernández, María José,",Manual básico del lenguaje de programación Python :aplicaciones en las áreas químico-biológicas y farmacéuticas para no informáticos,2021,Farmacia
"Guerrero García, María Fernanda,","Material didáctico de apoyo, basado en una metodología constructivista, para apoyar a los alumnos de farmacia clínica II en su aprendizaje",2021,Farmacia
"Martínez Díaz, Oscar Fernando,",Evaluación del efecto de la vasoinhibina sobre la producción de óxido nítrico en sinoviocitos tipo fibroblasto en cultivo,2021,Farmacia
"Albarrán Castro, José Antonio,",Sartre :fundamentos de la libertad,2022,Filosofía
"Andrés Becerril, Marina,",El espejo filosófico de Andrey Tarkovski :tres perspectivas para una filosofía del cine,2022,Filosofía
"Baltazar Gaona, Gisela,",La noción de empatía en Edith Stein :hacia una estrategia pedagógica moderna y practicable,2022,Filosofía
"Castellón Piedras, Igor Eusebio,",Alienación :su concepción original en los cuadernos de París y su polémica complejidad,2022,Filosofía
"González Molina, Jamily Dolores,",El concepto de género como constructo social,2022,Filosofía
"Gutiérrez López Olivera, Isabel Estefanía,",La tolerancia religiosa y la libertad de conciencia en Sebastián Castellio (1515-1563),2022,Filosofía
"Jiménez Marcos, Rebeca,",Defender la raíz :los Yaquis y el anarquismo,2022,Filosofía
"López Rodríguez, Frida,","Ley, poder y guerra en John Locke",2022,Filosofía
"Martínez Licea, Gonzalo,",Lo bello y lo sublime en el Wallenstein de Schiller,2022,Filosofía
"Mendoza Paniagua, Arturo,",Una reconsideración del argumento ontológico de Descartes en las meditaciones metafísicas,2022,Filosofía
"Acevedo Vázquez, Alejandro,",Estudio teórico de la interacción de moléculas pequeñas de ARN con cúmulos subnanométricos de oro semipasivados,2022,Física
"Alderete Lezama, Manuel Alejandro,",Propiedades estadísticas de equilibrio térmico a partir de una red bidimensional con acoplamiento caótico,2022,Física
"Bertoni Álvarez, Aristóteles,",Análisis por ionoluminiscencia de defectos puntuales en películas delgadas de Zn0 creadas por medio de la oxidación térmica de Zn,2022,Física
"Cárcamo Verde, Francisco Javier,",Propiedades termodinámicas de un gas de bosones en un potencial armónico vía integrales de camino,2022,Física
"Chávez Martínez, Edwin Hazel,",Adsorción de iones metálicos de aluminio sobre agregados de moléculas tensoactivas en medios acuosos :un estudio de dinámica molecular,2022,Física
"Guerrero Estrada, Ana Gabriela,",Leyes de potencia en la actividad cerebral en observaciones de FMRI en probandos sanos,2022,Física
"Liprandi Cortés, Nayeli,",Estudio de la sustentabilidad para 100 de los centros urbanos más grandes del mundo así como sus futuros niveles de exposición al cambio climático,2022,Física
"Maldonado González, Cynthia,",Propagación libre de ondas gravitacionales en teorías F(R),2022,Física
"Méndez Aragón, Omar,",Mapeos armónicos en geometrotermodinámica,2022,Física
"Morales Guzmán, Viani Suhail,",Enfriamiento sub-doppler tipo melaza gris para dos isótopos de litio,2022,Física
"Osorio Durán, Gemma Aidde,",Análisis de funciones de transferencia de un sistema de microtomografía de rayos X con haz de cono,2022,Física Biomédica
"Gómez Rangel, Daniela,",Evaluación y optimización del conjunto DMAM2 para control de calidad en mamografía,2020,Física Biomédica
"López Ángeles, Diana,",Dosis de radiación al personal de anestesia en procedimientos de radiología intervencionista,2020,Física Biomédica
"Torres Arvizu, Francisco Ricardo,",Análisis del patrón de moteado de imágenes de ultrasonido clínico del tálamo de macacos Rhesus neonatos expuestos a anestesia,2020,Física Biomédica
"Bonilla Maya, Marta Fernanda,",Efectos de los ejercicios isométricos en casos clínicos de pacientes con metástasis ósea en columna,2022,Fisioterapia
"Canales Hernández, Roberto Carlos,",Intervención del fisioterpeuta en primeros auxilios deportivos,2022,Fisioterapia
"Carmona Barrón, Viviana Guadalupe,",Pautas para la prescripción de ejercicio físico en fisioterapia en pacientes con hipertensión arterial,2022,Fisioterapia
"Herrera Guerra, Evelyn Estefanía,","Propuesta de diseño, adaptación e implementación de la neurohabilitación en lactantes con síndrome de Down",2022,Fisioterapia
"Reyes Olvera, Gema,","""Morfología y densidad de astrocitos en CA1 del hipocampo en un modelo de ratón con enfermedad de Alzheimer esporádico""",2022,Fisioterapia
"Rodríguez Martínez, Héctor Emmanuel,",Asociación entre el nivel de actividad física y los síntomas de ansiedad y depresión en estudiantes de la Licenciatura en Fisioterapia de la Facultad de Medicina de la UNAM,2022,Fisioterapia
"Torres Aguilar, Belén Jacqueline,",Fisioterapia en cervicalgia crónica,2022,Fisioterapia
"Aguilar Arriaga, Alejandro,",Parámetros de difusión por resonancia magnética a edad equivalente a término en lactantes con anormalidades de la sustancia blanca,2021,Fisioterapia
"Andrade Guerrero, José de Jesús,",Evaluación de un programa de ejercicio en la capacidad física y calidad de vida en pacientes pediátricos con leucemia linfoblástica aguda,2021,Fisioterapia
"Díaz Beltrán, José Renato,",Manual de orientación de duelo para fisioterapeutas,2021,Fisioterapia
"Cruz Márquez, José Luis,","Caracterización de las velocidades de onda y su relación con parámetros petrofísicos de unidades de roca del Complejo Caldérico de Acoculco, Estado de Puebla, México",2022,Geociencias
"Andrade Argueta, Julio César,","Caracterización geológico-estratigráfica del Complejo Volcánico Peñuela, Estado de Puebla",2021,Geociencias
"Durán García, Mariano Alfonso,",Estudio milimétrico del contenido subestelar en la región de Tauro SSTB213 J041757,2021,Geociencias
"Fernández Peña, Juan Salvador,","Reconstrucción estratigráfica de la cima del complejo volcánico Tacaná, México-Guatemala, durante el Holoceno",2021,Geociencias
"Fuentes Rubio, Natalia Denise,","Aplicación de métodos geofísicos de exploración para estructuras geológicas :maar Hoya Blanca, Valle de Santiago, Guanajuato",2021,Geociencias
"García Gómez, Ihaly Eréndira,",Estudio de los efectos del campo magnético en la distribución de presiones térmica y magnética en el gas atómico neutro con propiedades similares a la vecindad solar,2021,Geociencias
"López Sánchez, Jafet Ismael,",Investigación de núcleos activos de galaxias en el UV y rayos X usando un modelo de disco de acreción,2021,Geociencias
"Pérez Rivera, Marco Antonio,",Modelos teóricos y observaciones de regiones de interacción entre corrientes de viento solar (SIRs),2021,Geociencias
"Bastida Ortiz, Lilia Lizbeth,","Zonación de los movimientos en masa en la Cuenca Huahua, Sierra-Costa de Michoacán",2020,Geociencias
"López García, Jairo Uriel,",Obtención de parámetros físicos del QSO PKS1614+051 mediante rotación y despolarización de Faraday,2020,Geociencias
"Arenas Pérez, Vanya,","Identificación de los factores del impacto socio-ambiental en el paisaje, por la minería a cielo abierto en México",2022,Geografía
"Bautista Mejía, Carlos Rafael,","Guadalajara, del rancho electrónico a la ciudad creativa digital :aproximaciones a su integración en la división internacional del trabajo de la industria del software",2022,Geografía
"Bosch Moreno, Lorena,",Tepeyac :geografía cultural de un espacio sagrado,2022,Geografía
"Briones Valdés, Jimena Adriana,","Cartografía temática para el área de valor ambiental (AVA) ""Barranca de Tarango""",2022,Geografía
"De la Rosa González, Michelle,","Niveles de asimilación económica en el Estado de Veracruz, México",2022,Geografía
"Esguerra Ocaña, Jessica Michel,","Vulnerabilidad por estrés térmico asociado a islas de calor en las zonas metropolitanas de Colima, México",2022,Geografía
"Guzmán Morales, Diana Estefanía,","Evaluación de la vulnerabilidad y riesgo de inundaciones en el Estado de Chiapas, México: periodo 1970 y 2016",2022,Geografía
"Hernández Hernández, Blanca Lizbeth,",Quito-quitu :lo indígena frente a la blanquitud de la ciudad,2022,Geografía
"Hernández Roa, Irvin David,",El Estadio Olímpico Universitario y sus aficionados :percepciones y topofilia,2022,Geografía
"Herver Santamaría, Arlette,",Cartografía geomorfológica del volcán Cofre de Perote,2022,Geografía
"Ávila Martínez, Deyani Alejandra,","Reconstrucción histórica y cambios de paisaje por migración internacional en el municipio de Morelos, Michoacán :'; recordLink = '<A HREF=https://tesiunam.dgb.unam.mx:443/F/6Q7Q1UJ586IUF7VVMXSRV4FM6E5RERX8DU53JXX3UBFGXILB5K-48175?func=full-set-set&set_number=378515&set_entry=000001&format=999>1</A>",2021,Geohistoria
"Castillo Escribano, Marcelo del,",Autocorrelación espacio-temporal de homicidios a nivel municipal en México para el periodo 2011-2019,2021,Geohistoria
"Fuentes Jiménez, José Arturo,",Senderismo como estrategia para la preservación de los caminos antiguos :estudio de caso en el municipio de Morelia,2021,Geohistoria
"Martínez Torres, Luis Donaldo,","Integración de metodologías para la gestión del paisaje :estudio de caso en el municipio de Morelia, Michoacán",2021,Geohistoria
"Estrella Hernández, Mariela,",Tancítaro en el siglo XVI :un análisis geoshistórico,2020,Geohistoria
"Núñez Castro, Erik,","Conformación de la hacienda de San José, Puruagua 1540-1746",2020,Geohistoria
"Maldonado Navarro, Denisse,","Henry Bruman, alcohol in ancient México :una revisitación desde la geohsitoria para los casos de Jalisco y Nayarit",2019,Geohistoria
"Alba Sánchez, Diana Montserrat,","La danza como fuente histórica :Nellie Campobello, creadora de un discurso histórico y corporal en México 1930-1940",2022,Historia
"Avendaño Martínez, Viviana,","Philanthropy :radicalismo, revolución y elitismo en el joven Percy B. Shelley",2022,Historia
"Barón Andrade, Ángela María del Mar,",Ipet-swt: la morada y el orden de la divinidad :análisis sobre la significación del Templo de Karnak como espacio sagrado durante el Reino Nuevo (c. 1551-1070 A.C.),2022,Historia
"Bautista Bautista, Luis Alfredo,",La Revolución Mexicana a través de dos series de televisión históricas,2022,Historia
"Behar Bustos, Andrea,",Villalpando y Rubens :una relación pictórica pintura y patronazgo en el mundo hispánico en el siglo XVII,2022,Historia
"Cuevas Papalotzin, Rogelio,","El inicio de la restricción de la vida nocturna en la Ciudad de México durante la primera regencia de Uruchurtu, 1950-1954 :a través de Excélsior y Magazine de Policía",2022,Historia
"Damián Domínguez, Cynthia Isabel,",La enseñanza de la historia de la cultura en UVM Lomas Verdes,2022,Historia
"García Fernández, Oswaldo,",La lucha ideológica entre el periódico Madera y la revista Punto crítico a través de huelga de Medalla de Oro de Monterrey del año de 1973 a 1975,2022,Historia
"Gómez Serrano, Iván Alejandro,",La exhibición de noticieros y documentales cinematográficos de la Primera Guerra Mundial en México (1914-1919) :la guerra como factor fundamental de la evolución del cine,2022,Historia
"Hernández Aguilar, Irving Eduardo,","Fortalecimiento, ruptura y hegemonía :las tres etapas históricas de la lucha de clases en el Manifiesto del Partido Comunista",2022,Historia
"Aguilera Norberto, Jennifer Melissa,",Pensar el imaginario :la patria de Camarena en los libros de texto gratuitos,2021,Historia del Arte
"Pérez González, Ana Victoria,",Las formas simbólicas en el limes :templos expiatorios neogóticos en el occidente de México,2021,Historia del Arte
"López López, Rosalba,","Viajes de ilusión alrededor del mundo :los espectáculos ópticos en la Ciudad de México, Siglo XIX",2020,Historia del Arte
"Rico Gutiérrez, Luz Elena,",De dios a demonio :análisis del grabado Der Abgott Viztliputzli,2020,Historia del Arte
"Vargas Vázquez, Diego Roberto,",El aparato fotográfico y la escritura de la historia,2020,Historia del Arte
"Cervantes Serrano, Virginia,",Iconografía en los cuencos tarascos del periodo posclásico en Michoacán,2019,Historia del Arte
"Jonard Méndez, Noyule Dominique,",Análisis de la propuesta coreográfica estados alterados (2015-2017) de la Compañía la Serpiente,2019,Historia del Arte
"Martínez Chavez, Aarón Eduardo,",De cara a la barbarie :regímenes de mirada en torno a la violencia del México contemporáneo,2019,Historia del Arte
"Noguez Medina, Leilani,",Representación indígena y narrativas identitarias :estudio sobre el audiovisual purépecha,2019,Historia del Arte
"Sánchez Barón, Yaret Verónica,",El México decimonónico a través de la mirada de Carl Nebel :imaginarios sobre alteridad-identidad,2019,Historia del Arte
"Álvarez Castillo, Arturo,",Plataforma de capacitación virtual para hospital seguro,2021,Informática
"Andrade Sobrevilla, Dorothy Anaisa,",Herramientas de mercadotecnia digital en Google (SEO y SEM web con WordPress),2021,Informática
"Badillo Barcenas, César,",Sitio web para el control escolar de una institución pública de educación básica de nivel primaria,2021,Informática
"Hernández Gutiérrez, Pedro Noé,","Sistema de información escolar ""SERVESCOL 2.0"" de la UNAM Canadá",2021,Informática
"Márquez Jiménez, Mariana Atzin,",Diseño e implementación del sitio Web de UNAM Francia,2021,Informática
"Ortiz Andraca, Luis Mario,",Elaboración y diseño de un disco interactivo en apoyo a la asignatura de metodología de la investigación,2021,Informática
"Soria Mendiola, Edmundo,",Sistema para la administración y control de bienes materiales para el Instituto Nacional Electoral,2021,Informática
"Torreblanca González, Ernesto,",Propuesta de mejora para el Sistema del Congreso de Matemáticas de la Facultad de Estudios Superiores de Cuautitlán,2021,Informática
"Villalobos Silvar, Ivan,",Sistema para la administración operativa (SAO),2021,Informática
"Bravo Molina, Miguel,",Elaboración de un manual en español y náhuatl para facilitar el conocimiento de las TIC enfocadas a la comunicación e investigación en el Tercer grado grupo A de la Telesecundaria Julián Carr'; recordLink = '<A HREF=https://tesiunam.dgb.unam.mx:443/F/6Q7Q1UJ586IUF7VVMXSRV4FM6E5RERX8DU53JXX3UBFGXILB5K-49090?func=full-set-set&set_number=378528&set_entry=000010&format=999>10</A>,2020,Informática
"Sandoval García, Judith Natalia,",Rendimiento de grano bajo dos densidades de población y tres dosis de fertilización en híbridos de maíz UNAM e INIFAP,2022,Ingeniería Agrícola
"Aguilar Velázquez, Karen Elizabeth,",Productividad de colectas de maíz palomero toluqueño (Zea mays everta) en Valles Altos de México,2021,Ingeniería Agrícola
"Arroyo León, Isaac Ramón,","Estudio de la probabilidad de ocurrencia de helada en Cuautitlán Izcalli, Estado de México",2021,Ingeniería Agrícola
"Cruz Mayen, Nancy Patricia,","Efectos comparativos de manejo sobre los niveles foliares de N, P y K en dos variedades de manzana, en Mineral de San Joaquín, Querétaro",2021,Ingeniería Agrícola
"Hidalgo Téllez, Karen Ivonne,",Estudio para la nivelación de la parcela siete del Centro de Enseñanza Agropecuaria de la FES-Cuautitlán,2021,Ingeniería Agrícola
"Neria Segovia, Marisol,",Evaluación y diseño del riego por gravedad de la parcela siete de la FESC,2021,Ingeniería Agrícola
"Reyes Pérez, Jesica Abigali,","Determinación de aflatoxinas en cereales de consumo infantil comercializados en Cuautitlán Izcalli, Edo. de Méx.",2021,Ingeniería Agrícola
"Soto Herrera, Inti Ehecatl,",Efectividad biológica de benzoato de emamectina para el control de insectos plaga en el cultivo de Brassicas,2021,Ingeniería Agrícola
"Canales Tovar, Liliana,","Evaluación de la sustentabilidad en agroecosistemas maíz y frijol en Olma Yahualica, Hidalgo",2020,Ingeniería Agrícola
"Fuentes Cadena, Olga Elizabeth,","Propagación in vitro de plantas del género Mentha spp., a partir de segmentos nodales",2020,Ingeniería Agrícola
"Amezcua Romero, Gabriela,","Caso práctico :análisis de costos y precios unitarios empleando opus 2010, referente a : rehabilitación de espacio deportivo Infonavit Iztacalco, ex-lago, en la alcaldía Iztacalco",2022,Ingeniería Civil
"Aragón Salas, Giezi,",Aplicación de la mecánica de materiales a problemas de ingeniería civil,2022,Ingeniería Civil
"Covarrubias Chávez, Cristian Israel,","Análisis y diseño de superestructura de acero para bodega por efectos de viento y sismo, ubicada en Tomendán, municipio de Taretan, Michoacán",2022,Ingeniería Civil
"Deaquino Desales, Aarón,",Análisis de daños a monumentos históricos ocasionados por el sismo de 19 de septiembre de 2017,2022,Ingeniería Civil
"Juárez Hoces, Valentín Ángel,",Estudio de la respuesta sísmica de edificios de planta baja débil rehabilitados con dispositivos de control en su primer nivel,2022,Ingeniería Civil
"López Guerrero, Mario Espartaco,","""Construcción del puente Barranca del Diablo, Km 510+930 carretera Tepic- San Blas, Nayarit""",2022,Ingeniería Civil
"Méndez Pérez, Ervin Elmar,",Colocación de concreto en las cimentaciones de las turbinas de gas de la central termoelectrica EVM II,2022,Ingeniería Civil
"Ortiz Haro Barrera, Pablo,","Ecobici y los sistemas de bicicletas públicas en las megaciudades, evolución y análisis comparativo",2022,Ingeniería Civil
"Pacheco Martín, Luis Gerardo,",Rehabilitación estructural de edificios históricos,2022,Ingeniería Civil
"Pateyro Martínez, Alberto Manuel,",Análisis y diseño de pavimento de concreto asfaltico :acceso al AICM,2022,Ingeniería Civil
"Morales Ramírez, Abraham,",Estudio termodinámico del proceso de lixiviación con tiourea de un concentrado de calcopirita,2022,Ingeniería de Minas y Metalurgia
"Pereira Camacho, Bernardo,","Ejecución, desarrollo y puesta en marcha de un sistema de ventilación en una mina de fluorita, en el municipio Villa de Zaragoza, San Luis Potosí",2022,Ingeniería de Minas y Metalurgia
"Cuevas Hernández, Joée Arturo,",Metodología Lean Six Sigma aplicada a un caso real de barrenación y voladura en la minería subterránea,2021,Ingeniería de Minas y Metalurgia
"Bustamante Méndez, Edjan Eduardo,",Coeficiente de permeabilidad en muestras inalteradas y reconstituidas de jal en un permeámetro de carga constante,2020,Ingeniería de Minas y Metalurgia
"Corchado González, Orlando,",Determinación de parámetros de las diferentes operaciones para lixiviar RAEE con ácido nítrico,2020,Ingeniería de Minas y Metalurgia
"Ortiz Ríos, Carlos Eduardo,",Molienda de bolas en húmedo y en seco con eje excéntrico externo,2020,Ingeniería de Minas y Metalurgia
"Vallejo Castillo, Iván Gustavo,","Propuesta metodológica para la instalación de un laboratorio dentro del Geoparque Mundial de la UNESCO Comarca Minera, Hidalgo",2020,Ingeniería de Minas y Metalurgia
"Chávez Cervantes, Jennyfer Ariadna,",Construcción de mesa concentradora para la concentración gravimétrica de oro microscópico de mineral proveniente del Estado de México,2019,Ingeniería de Minas y Metalurgia
"Fernández Reyes, Silvia Flor,","Evaluación del efecto de las presencia de bacterias acidófilas en la generación de drenaje ácido de mina en Taxco, Guerrero",2019,Ingeniería de Minas y Metalurgia
"Hernández Pérez, Ángel,",Alternativa de tratamiento para remediar un terrero lixiviado con bacterias sulfato reductoras,2019,Ingeniería de Minas y Metalurgia
"Alonso Torres, Brayan Eduardo,",Diseño y evaluación de experimentos de retroalimentación de fuerza utilizando un robot de seis grados de libertad,2021,Ingeniería Eléctrica Electrónica
"Baez Galindo, Juan Carlos,",Análisis de ferroresonancia en sistemas de distribución subterráneos,2021,Ingeniería Eléctrica Electrónica
"Barbosa Elizalde, Rafael Enrique,",Caracterización y puesta en marcha de una unidad de absorción de potencia de corrientes parásitas,2021,Ingeniería Eléctrica Electrónica
"Becerra Nuñez, Luis Andrés,",Desarrollo de prácticas de aplicación del relevador digital sel 351S e implementación de un módulo didáctico de interruptor de potencia,2021,Ingeniería Eléctrica Electrónica
"Cedillo Jiménez, Ángel Gustavo,",Análisis del valor de los certificados de energía limpia en México con criterio de equidad,2021,Ingeniería Eléctrica Electrónica
"Escobar Tufiño, Miguel Ángel,",Estimación de parámetros de motores de reluctancia,2021,Ingeniería Eléctrica Electrónica
"González Salgado, Uriel,",Rediseño y control de una plataforma experimental para procesos de transferencia de calor,2021,Ingeniería Eléctrica Electrónica
"Juárez Ramírez, Diego,",Amplificador de audio para guitarra con ecualización inalámbrica mediante aplicación móvil,2021,Ingeniería Eléctrica Electrónica
"Lara Tenorio, Christo Aldair,",Diseño de un sistema de comando y manejo de información,2021,Ingeniería Eléctrica Electrónica
"López Ayala, Jorge David,",Instrumentación y automatización del laboratorio de grafeno del Instituto de Física,2021,Ingeniería Eléctrica Electrónica
"Barreira Mendoza, Mario Enrique,",Propiedades reológicas y fisicoquímicas de un aderezo de aguacate y extracción de aceite en la semilla empleando ultrasonido,2022,Ingeniería en Alimentos
"Guzmán Benitez, Diana Laura,","""Situación actual de la producción de cerveza artesanal en México""",2022,Ingeniería en Alimentos
"Namorado Ruiz, Issa Michelle,","Propuesta de guía para disminuir la obesidad infantil basada en el análisis de acciones gubernamentales, perspectiva del ingeniero en alimentos",2022,Ingeniería en Alimentos
"Aguilar Mondragón, Gabriela,",Evaluar el efecto antimicrobiano del Zingiber officinales y origanum vulgare en recubrimientos comestibles a base de hidrocarburos en productos cárnicos,2021,Ingeniería en Alimentos
"Bueno Méndez, Fernanda Desire,",Envase comestible y soluble a base de xiloglucano para café liofilizado y sustituto de crema en polvo,2021,Ingeniería en Alimentos
"Capetillo Rubio, Araceli,",Elaboración de bebida carbonatada de fruto de garambullo (Myrtillocactus geometrizans) aplicando ozono y sonicación como métodos alternativos a la pasteurización,2021,Ingeniería en Alimentos
"Carballo Roustand, Marcelo Jesús,",Malteada proteica a base de alga spirulina y quínoa como suplemento alimenticio,2021,Ingeniería en Alimentos
"Carreón Cruz, Gustavo Rogelio,","Visual Basic para aplicaciones con Excel, una alternativa como lenguaje de programación para la materia de Recursos informáticos de la Carrera de Ingeniería en Alimentos plan 2004",2021,Ingeniería en Alimentos
"Carrión Sánchez, María Fernanda,",Aprovechamiento de cáscara y pulpa de mango (Mangifera indica L.) ataúlfo y semilla de cáñamo en una bebida tipo kéfir,2021,Ingeniería en Alimentos
"Castañeda Zagal, Héctor Daniel,",Propuesta de implementación de sistemas de autocontrol en una microempresa de productos lácteos en Cuautitlán Izcalli para prevenir ETA,2021,Ingeniería en Alimentos
"Gómez Macedo, Mauricio,",Detección de COVID-19 y neumonía en imágenes rayos X de pulmones utilizando redes neuronales convolucionales,2022,Ingeniería en Computación
"Ortiz Figueroa, María Fernanda,",Modelo computacional híbrido basado en tecnologías de realidad mixta para la planeación quirúrgica de procedimientos de mínima invasión,2022,Ingeniería en Computación
"Partida Bañales, Misael Valentín,",Sistema de exámenes diagnóstico de la División de Ciencias Básicas de la Facultad de Ingeniería de la UNAM,2022,Ingeniería en Computación
"Salinas Navarro, Diego Alberto,","Predicción de ""Likes"" en Twitter para memes aleatorios",2022,Ingeniería en Computación
"Ángeles Alcántara, Miguel Saúl,",Innovación tecnológica de la lecto-escritura en niños con discapacidad intelectual para el programa de atención psicopedagógica de la FES Aragón,2021,Ingeniería en Computación
"Cerecedo Aguilar, Carlos Manuel,",Envío de notificaciones SMS a clientes bancarios de remesas masivas,2021,Ingeniería en Computación
"Cruz Reyes, Eduardo de la,",Diseño e implementación de un sistema de seguridad de control para servicios de red inalámbrica y acceso a RADIUS con GNU/Linux y software libre: el caso de una IES,2021,Ingeniería en Computación
"Cruz Vega, Viviana Marcela,",Atlas anatómico 3d del tronco usando realidad aumentada para la enseñanza de la anatomía humana,2021,Ingeniería en Computación
"Escobedo López, Mario Arturo,",Modelo de negocio canvas aplicado a una consultoría,2021,Ingeniería en Computación
"García Fernández, Jesús Alejandro,",KGraphFI :grafo de conocimiento de propiedades para el análisis de la mortalidad por COVID-19 en la Ciudad de México,2021,Ingeniería en Computación
"Villeda Vargas, Sergio,","Prospección geoquímica y potencial del sistema geotérmico de baja a mediana temperatura de la zona de Escobedo, Coahuila",2022,Ingeniería en Energías Renovables
"Beauregard León, Alessandra,",Desarrollo de una memoria de cálculo eléctrico para sistemas fotovoltaicos,2021,Ingeniería en Energías Renovables
"Duque Brito, Estefanía,",Comparación de técnicas de caracterización de biomasas lignocelulósicas,2021,Ingeniería en Energías Renovables
"Fernández Duque, Diana,",Evaluación del método volumétrico para la estimación del potencial térmico de sistemas geotérmicos a través del análisis geoquimiométrico de las incertidumbres realistas de las temperatura'; recordLink = '<A HREF=https://tesiunam.dgb.unam.mx:443/F/6Q7Q1UJ586IUF7VVMXSRV4FM6E5RERX8DU53JXX3UBFGXILB5K-02229?func=full-set-set&set_number=378581&set_entry=000004&format=999>4</A>,2021,Ingeniería en Energías Renovables
"Florido Ortega, Jesús,",Estudio de viabilidad de un sistema de energía oceánica por gradiente térmico asistido con tecnología termosolar (SOTEC) en las costas del noroeste de México,2021,Ingeniería en Energías Renovables
"García Delgadillo, Sady Monserrat,","Efecto de la intensidad lumínica en un cultivo mixto para la producción de biomasa microalgal, clorofila A y carotenoides utilizando ciclos sinusoidales de temperatura",2021,Ingeniería en Energías Renovables
"Jiménez Juárez, Jesús Antonio,",Estudio a primeros principios de la difusión y adsorción de átomos de Li en la interfaz TiO2/grafeno y su aplicación en almacenamiento de energía,2021,Ingeniería en Energías Renovables
"López Magaña, Mariana,",High dynamic range photography for daylighting measurements with open technologies,2021,Ingeniería en Energías Renovables
"Peniche Fuentes, Diana Sofía,",Evaluaciones de impacto social de los proyectos de energías renovables en México,2021,Ingeniería en Energías Renovables
"Pérez Chávez, Ernesto,",Análisis de la dinámica de estados viento-demanda en el sistema eléctrico mexicano,2021,Ingeniería en Energías Renovables
"Flores Huelgas, Armando Camilo,",Implementación de transmisor satelital en radio definida por software para alerta de emergencias,2022,Ingeniería en Telecomunicaciones
"Flores Huelgas, Armando Camilo,",Implementación de transmisor satelital en radio definida por software para alerta de emergencias,2022,Ingeniería en Telecomunicaciones
"Sarmiento Sánchez, Salvador,",Diseño y construcción de un inversor multinivel para el análisis de distorsión armónica,2022,Ingeniería en Telecomunicaciones
"Byrd Victorica, Mauricio,",Estudio de sesgos o prejuicios en el aprendizaje computacional :enfoque en el diseño de modelos con clasificadores bayesianos,2021,Ingeniería en Telecomunicaciones
"Carrillo Ríos, Jesús Alberto,",Opciones tecnológicas para lograr la plena conectividad de los mexicanos en telecomunicaciones e Internet,2021,Ingeniería en Telecomunicaciones
"Cuadros Popoca, Luis Raúl,",Implementación de dos ataques de tipo phishing a un servidor DNS y propuesta de contramedida en redes definidas por software,2021,Ingeniería en Telecomunicaciones
"Fuentes Hernández, Miguel Ángel,",Arreglos reflectivos espirafase con anillos resonantes y diodos P-I-N,2021,Ingeniería en Telecomunicaciones
"González Flores, Jesús Salvador,",Diseño y simulación eléctrica de una neurona pulsante en tecnología CMOS de 0.6 micrones,2021,Ingeniería en Telecomunicaciones
"Herrera Villar, Emmanuel Salvador,","Análisis e instalación de distintos tipos de fibra óptica, para la ejecución adecuada de prácticas de mediciones en el laboratorio de sistemas de comunicaciones ópticas",2021,Ingeniería en Telecomunicaciones
"Martínez Velázquez, Daniel,",Análisis de llamadas al Kernel en un servidor XEN mediante un ataque DoS,2021,Ingeniería en Telecomunicaciones
"Sarmiento Sánchez, Salvador,",Diseño y construcción de un inversor multinivel para el análisis de distorsión armónica,2022,"Ingeniería en Telecomunicaciones, Sistemas y Electrónica"
"Byrd Victorica, Mauricio,",Estudio de sesgos o prejuicios en el aprendizaje computacional :enfoque en el diseño de modelos con clasificadores bayesianos,2021,"Ingeniería en Telecomunicaciones, Sistemas y Electrónica"
"González Flores, Jesús Salvador,",Diseño y simulación eléctrica de una neurona pulsante en tecnología CMOS de 0.6 micrones,2021,"Ingeniería en Telecomunicaciones, Sistemas y Electrónica"
"Castillo Coca, David,",Implementación de una red lan para el laboratorio de transmisión de datos,2020,"Ingeniería en Telecomunicaciones, Sistemas y Electrónica"
"Gutiérrez Zacarías, Roberto Carlos,",Tratamiento de audio digital con interfaz AXI-Stream e implementación en FPGA,2020,"Ingeniería en Telecomunicaciones, Sistemas y Electrónica"
"Hernández Gastaldi, Ernesto,","Diseño, evaluación y comparación de técnicas de solución para el problema en inteligencia artificial :Â«Airline Crew Scheduling ProblemÂ»",2020,"Ingeniería en Telecomunicaciones, Sistemas y Electrónica"
"Jiménez Benítez, Ricardo,","Aplicación de técnicas de inteligencia artificial para la predicción eficiente del balance de flujo metabólico celular, y su posterior integración en el simulador GRO.",2020,"Ingeniería en Telecomunicaciones, Sistemas y Electrónica"
"Maya Camacho, José Alejandro,",Desarrollo e implementación de un sistema para procesamiento de imágenes mediante el uso de un dispositivo FPGA,2020,"Ingeniería en Telecomunicaciones, Sistemas y Electrónica"
"Vargas Rivas, Juan Carlos,",Desarrollo e implementación de un sistema de cableado estructurado en instituciones de educación básica en zona norte del Valle de México :caso: Telesecundaria Rafael Ramírez,2020,"Ingeniería en Telecomunicaciones, Sistemas y Electrónica"
"Mañon Gómez, Montserrat de la Luz,",Sistema de recuperación de energía basado en el movimiento del flujo de agua en tuberías de agua potable,2019,"Ingeniería en Telecomunicaciones, Sistemas y Electrónica"
"Loera Bolaños, Francisco Javier,",Metodologías para la evaluación de registros geofísicos de pozo en formaciones sedimentarias mediante métodos convencionales e inversión petrofísica,2022,Ingeniería Geofísica
"Loera Bolaños, Francisco Javier,",Metodología para la evaluación de registros geofísicos de pozo en formaciones sedimentarias mediante métodos convencionales e inversión petrofísica,2022,Ingeniería Geofísica
"Ramos Osorio, Carolina,",Detección de estructuras arqueológicas con los métodos de gradiente magnético y georradar en el sitio arqueológico de Teotihuacán,2022,Ingeniería Geofísica
"Álvarez Monroy, Iván,","Escenarios sísmicos de la ciudad de Puebla, Puebla, México elaborados a partir de las técnicas MHVSR y EHVSR",2021,Ingeniería Geofísica
"Aquino Sandoval, Gilberto Crispín,",Análisis de la propagación de ondas en el valle de México durante sismos fuertes,2021,Ingeniería Geofísica
"Armas Santillán, Marco Antonio,","Modelado unidimensional de datos magnetotelúricos :caso de estudio Acoculco, Pue.",2021,Ingeniería Geofísica
"Buendía Millán, Mauricio,",Determinación de la fragilidad y ductilidad de las rocas a partir de registros geofísicos de pozo,2021,Ingeniería Geofísica
"Castañeda Flores, Ángel Adrián,",Metodología alternativa para calcular la saturación de hidrocarburos en pozos revestidos utilizando sigma y C/O,2021,Ingeniería Geofísica
"Chang Sterling, David Antonio,",Modelado sintético de correlaciones cruzadas de ruido sísmico,2021,Ingeniería Geofísica
"Conde Arellano, Samantha Eunice,",Identificación de zonas de interés hidrotermal en el volcán El Chichón en el Estado de Chiapas,2021,Ingeniería Geofísica
"Caracheo González, José Jorge,",Estudio geodinámico comparativo de los domos de sal en dos ambientes de deposición distintos México y Rumanía,2022,Ingeniería Geológica
"Velasco Anaya, Eric,","Evaluación de las condiciones geológicas del yacimiento de fosforitas de El raíces, Nuevo León como posible fuente de producción y explotación de fósforo",2022,Ingeniería Geológica
"Altamirano Cabello, Alex,","Caracterización litoestratigráfica de la Caliza Chimeco y la formación Mapache en el Cerro Boludo, municipio de Chila de las Flores, Puebla",2021,Ingeniería Geológica
"Álvarez Anguiano, Miriam,",Modelo geológico-estructural y caracterizacíon del macizo rocoso de la zona de la veta 6500,2021,Ingeniería Geológica
"Báez Reyes, Héctor Eduardo,",AquiParameter :base de datos abierta de parámetros hidrogeológicos :'; recordLink = '<A HREF=https://tesiunam.dgb.unam.mx:443/F/6Q7Q1UJ586IUF7VVMXSRV4FM6E5RERX8DU53JXX3UBFGXILB5K-03504?func=full-set-set&set_number=378617&set_entry=000005&format=999>5</A>,2021,Ingeniería Geológica
"Bautista Ramírez, Lorena Monserrat,","Estructuras volcánicas, características petrológicas y estratigrafía del campo volcánico de Tepexpan, Estado de México",2021,Ingeniería Geológica
"Castro Zárate, Martha Edith,",Análisis hidrogeoquímico del agua subterránea en el valle de Cuautitlán-Tizayuca,2021,Ingeniería Geológica
"Chávez Téllez, Karen,","Estudio geológico y mineralógico del yacimiento manganesífero de la Unidad Molango en el distrito minero de Molango, Hidalgo, México",2021,Ingeniería Geológica
"Cruz Gutiérrez, Gustavo Daniel,","Caracterización, dinámica, simulación y afectaciones por efecto de caída de bloques en la zona arqueológica de chalcatzingo, Morelos",2021,Ingeniería Geológica
"García Bautista, Eduardo,",Caracterización geológica para la localización de sitios de disposición final de residuos sólidos de la construcción en la Ciudad de México,2021,Ingeniería Geológica
"Hernández Luna, Daniel,",Prototipo de un vehículo aéreo no tripulado para fines fotogramétricos,2021,Ingeniería Geomática
"Vargas Garduño, Andrea Isadora,",Análisis multi-criterio para ubicar una reserva natural de ajolotes,2020,Ingeniería Geomática
"Alcaraz Miranda, Martha,",Análisis de la variabilidad espacio - temporal de la temperatura superficial del mar en El Caribe mexicano (1997 - 2013),2019,Ingeniería Geomática
"García Monroy, José Eduardo,",Estimación de zonas con peligro de avenidas súbitas mediante el uso del índice de inundación súbita utilizando sistemas de información geográfica,2019,Ingeniería Geomática
"Hernández Castro, José Roberto,",Protocolo para el levantamiento fotogramétrico de edificios a partir del uso de vehículos aéreos no tripulados,2019,Ingeniería Geomática
"López González, Jesús Ángel,",Técnicas geomáticas aplicadas a la gestión vitícola,2019,Ingeniería Geomática
"Macouzet Iturbe, Daniel,",Seguridad informática aplicada a la ingeniería geomática,2019,Ingeniería Geomática
"Mendoza Castillo, Uriel de Jesús,",Procesamiento automatizado de productos meteorológicos derivados de satélites geoestacionarios y de órbita polar,2019,Ingeniería Geomática
"Miranda González, Joel Balam,",La geomática como apoyo para prevención de enfermedades crónicas,2019,Ingeniería Geomática
"Vargas Serna, María Fernanda,",Análisis de problemáticas ambientales en cuencas lacustres con tecnologías de la información geográfica,2019,Ingeniería Geomática
"Vega Lago, Mitzi Montserrat,",Cadena de suminisro digital :la alternativa del futuro,2022,Ingeniería Industrial
"Aguilar Montoya, Adriana Guadalupe,",Localización de sitios temporales de separación y diseño de rutas de recolección de residuos por sismo en la Ciudad de México,2021,Ingeniería Industrial
"Almazan Mendoza, Alma Denisse,",Manual de implementación de las 5 S&rsquo; para la mejor continua,2021,Ingeniería Industrial
"Bautista Torres, Oscar Gustavo,","Diseño, ensamble y costo de venta para canceleria de PVC en climas tropicales y entornos costeros",2021,Ingeniería Industrial
"Castañón Mora, Gustavo,",Diagnóstico e intervención en una empresa de seguridad,2021,Ingeniería Industrial
"Collins Espina, Frank Omar,","Propuesta de proceso industrial-artesanal de chocolate natural en Coatzacoalcos, Ver.",2021,Ingeniería Industrial
"Díaz Rodríguez, Yesenia Guadalupe,",Estrategia para la implementación de la reingeniería de procesos :el caso de una empresa manufacturera de empaques de cartón,2021,Ingeniería Industrial
"Escalera Guevara, Irene,",Propuesta de implementación del modelo CMMI DEV para proyectos de desarrollo de software,2021,Ingeniería Industrial
"González Quiroga, Heber Guillermo,",Análisis de la afluencia de un corredor de servicio de transporte concesionado en la Ciudad de México,2021,Ingeniería Industrial
"Hernández Arias, Rosa Guadalupe,","Propuesta de reciclaje para los residuos de madera, mediante la elaboración de tableros aglomerados en la empresa ""La Ceiba, en Agua Dulce, Veracruz",2021,Ingeniería Industrial
"Alvarado Polonio, Héctor,",Diseño de dispositivo de limpieza para el asiento de un inodoro público,2022,Ingeniería Mecánica
"Espinosa de los Monteros Parra, Víctor Adrián,",Interfaz inteligente para el control de un sistema domótico gestionado por PROLOG,2022,Ingeniería Mecánica
"Jiménez Germán, Juan Antonio,",Banco de pruebas para neumáticos todo terreno,2022,Ingeniería Mecánica
"Matadamas Macedonio, Juan Luis,",Caracterización experimental de perfiles aerodinámicos tipo NACA,2022,Ingeniería Mecánica
"Núñez Bohórquez, Álvaro Rafael,","Aplicación de la electricidad, electrónica y telecomunicaciones a la navegación aérea",2022,Ingeniería Mecánica
"Ramírez Céspedes, Fernando,",Dispositivo mecánico para acelerar la corrosión-erosión por cavitación hidrodinámica en muestras metálicas,2022,Ingeniería Mecánica
"Villaseñor Paris, Andrés Iván,",Estudio teórico de la imbibición en un medio poroso bajo gradientes de temperatura en un fluido no newtoniano,2022,Ingeniería Mecánica
"Waage Delgadillo, Helgi Saúl,",Diseño de una guitarra eléctrica sostenible,2022,Ingeniería Mecánica
"Aja Olmos, Luis Fabián,",Sistema de adquisición de datos para un robot móvil,2021,Ingeniería Mecánica
"Alonso Bastos, Daniel Alejandro,",Simulación numérica de un propulsor de efecto hall para un microsatélite,2021,Ingeniería Mecánica
"Espinosa de los Monteros Parra, Víctor Adrián,",Interfaz inteligente para el control de un sistema domótico gestionado por PROLOG,2022,Ingeniería Mecánica Eléctrica
"Núñez Bohórquez, Álvaro Rafael,","Aplicación de la electricidad, electrónica y telecomunicaciones a la navegación aérea",2022,Ingeniería Mecánica Eléctrica
"Antolin Jiménez, Juan Isaac,",Diseño y fabricación de un dispositivo para calentamiento mediante inducción eléctrica y su posterior temple de barras circulares de hasta 10mm de diámetro,2021,Ingeniería Mecánica Eléctrica
"García Pérez, Rodolfo Alejandro,",Resolución de problemas de la mecánica de sólidos elemental mediante el método de elemento finito utilizando el programa AutoFEM,2021,Ingeniería Mecánica Eléctrica
"López Cerdán, Daniel,",Diseño e implementación de un torno CNC para uso didáctico en la enseñanza técnica del CECyTEM Plantel Nicolás Romero II,2021,Ingeniería Mecánica Eléctrica
"Martínez Velasco, Irving Ricardo,","Diseño, construcción y operación de un sistema de accionamiento de cuatro barras",2021,Ingeniería Mecánica Eléctrica
"Pérez Espíndola, José Francisco,","Cámara de ciclo constante aplicada en un cuarto de incubación in vitro, en la etapa de germinación y desarrollo de las plantas",2021,Ingeniería Mecánica Eléctrica
"Quintana Ariza, Jorge Mateo,","Análisis de carga térmica en envolvente de vivienda en Jiutepec, Morelos",2021,Ingeniería Mecánica Eléctrica
"De Prada Lugo, Carlos Alberto,",Diseño y manufactura por adiciÃ²n de material de una bomba peristáltica,2020,Ingeniería Mecánica Eléctrica
"Hernández Vega, Jorge de Jesús,",Implementación de mesa multitoque autónoma basada en computadoras de placa reducida,2020,Ingeniería Mecánica Eléctrica
"Aguilera Zárate, Cristian Saúl,",Sistema de identificación de los puntos de referencia permanentes en lentes oftálmicas,2022,Ingeniería Mecatrónica
"Miranda Martínez, Ricardo Alberto,",Diseño del control de crucero adaptativo de un vehículo terrestre autónomo mediante un ambiente simulado,2022,Ingeniería Mecatrónica
"Nava Arsola, Diego Alberto,",Desarrollo de un sistema de visión para un robot industrial KUKA KR 5-2 (reconocimiento y simulación),2022,Ingeniería Mecatrónica
"Rodríguez Miranda, Karina Marlenne,",Desarrollo de un PDC con software libre y su implementación en la Red de Media Tensión de CU UNAM,2022,Ingeniería Mecatrónica
"Zorrilla Gasca, David Alfonso,",Diseño del banco de baterías para el vehículo eléctrico FSAE UM-E3,2022,Ingeniería Mecatrónica
"Castillo Varguez, Ernesto Jesús,",Redes neuronales profundas para la detección de peces en ambientes subacuáticos,2021,Ingeniería Mecatrónica
"García Aguilera, Luis Ulises,",Control para estabilidad estática de un robot bípedo de 10 GDL,2021,Ingeniería Mecatrónica
"González López, Aldo Emmanuel,",Monitoreo de la radiación ultravioleta para controlar el flujo de agua en un reactor fotocatalítico,2021,Ingeniería Mecatrónica
"González Nava, Luis Eduardo,",Sistema de visión para estimar posición y velocidad de objetos para un robot bípedo,2021,Ingeniería Mecatrónica
"Hernández Urrutia, Cuitláhuac Azael,",Desarrollo de un prototipo CubeSat 1U mediante metodología de competencias internacionales tipo CanSat,2021,Ingeniería Mecatrónica
"Alvarado Melchor, Anahí Cecilia,",Efecto de la porosidad secundaria en el comportamiento productivo de yacimientos naturalmente fracturados,2022,Ingeniería Petrolera
"Flores Hernández, José Rafael,",Estimación del índice de retorno energético para el sector de hidrocarburos en México,2022,Ingeniería Petrolera
"Gallardo Mata, Analaura Itzayania,",Apuntes de apoyo a la docencia para comprender las emulsiones y su influencia en el transporte de aceite crudo pesado,2022,Ingeniería Petrolera
"García Cruz, Héctor,","Manejo de los escenarios de pérdida de circulación, parcial o total, en la región marina noreste y suroeste del Golfo de México",2022,Ingeniería Petrolera
"García González, Gabriela,",Enfoque novedoso para la evaluación petrofísica de shales con el uso asistido de pickett plots modificados :estimación de porosidad y mojabilidad,2022,Ingeniería Petrolera
"Navarro Morales, Luis Enrique,",Aprendizaje automático y ciencia de datos en la ingeniería petrolera :enfoque al stick &#38; slip,2022,Ingeniería Petrolera
"Onofre Lucena, Tomás,",Determinación de la ubicación y el número óptimo de pozos de relleno,2022,Ingeniería Petrolera
"Téllez Arellano, Aarón Guadalupe,",Modelo de flujo-geomecánico para la predicción del colapso de la formación,2022,Ingeniería Petrolera
"Vidal Romero, Alan,",Retos y oportunidades :logística y comercialización de turbosina en México,2022,Ingeniería Petrolera
"Alcaraz Sánchez, Miguel,",Análisis de movimiento y posicionamiento de plataformas autoelevables en el Golfo de México,2021,Ingeniería Petrolera
"Antonio Eligio, Claudia,",Análisis financiero de las empresas Braskem y Braskem Idesa durante el periodo 2014 - 2019,2022,Ingeniería Química
"Ávalos Alor, César,","Estudio del desempeño de la mezcla catalítica con dimetilisopropilamina (DMIPA) como principio activo en la síntesis de poliuretano para el proceso ""cold box""",2022,Ingeniería Química
"Cabrera Hernández, Joel,","Recomendaciones para la implementación de una nueva línea de negocio en México, enfocada a ingredientes activos de cuidado personal",2022,Ingeniería Química
"Castañeda Fernández, Carolina,","Fabricación y caracterización de partículas de poli (D,L ácido láctico -co- glicólico) cargadas con compuestos activos contra la tuberculosis",2022,Ingeniería Química
"Ceballos Garibay, Jimmy Juli,","Diseño de la herramienta ""Matriz CIC"" para el análisis tridimensional de ítems de evaluación de química general :enfoques pedagógicos, morfología y niveles de representación",2022,Ingeniería Química
"Díaz Perea, Yazmín,",Revisión crítica del mezclado químico y térmico en distribuidores de colada continua de acero,2022,Ingeniería Química
"Flores Casarrubias, Sara,",Evaluación de recubrimientos de alto espesor mediante técnicas electroquímicas,2022,Ingeniería Química
"Galicia Alba, Estefany,","""Verificación de variables analíticas para la determinación de cationes en agua provenientes de escorrentías de azoteas verdes y comunes""",2022,Ingeniería Química
"García Barrera, Lidia Paola,",Síntesis de catalizadores heterogéneos de metátesis a base de geles poliméricos sililados,2022,Ingeniería Química
"Gutiérrez Mejía, Araceli,","Purificación de regenerado de metilmetacrilato crudo en México :""elaboración de la ingeniería básica de proceso, de acuerdo a FEL II""",2022,Ingeniería Química
"Ceballos Garibay, Jimmy Juli,","Diseño de la herramienta ""Matriz CIC"" para el análisis tridimensional de ítems de evaluación de química general :enfoques pedagógicos, morfología y niveles de representación",2022,Ingeniería Química Metalúrgica
"Díaz Perea, Yazmín,",Revisión crítica del mezclado químico y térmico en distribuidores de colada continua de acero,2022,Ingeniería Química Metalúrgica
"Flores Casarrubias, Sara,",Evaluación de recubrimientos de alto espesor mediante técnicas electroquímicas,2022,Ingeniería Química Metalúrgica
"León Lazcano, Kevin,",Efecto del tiempo de solución y envejecimiento en una aleación comercial de aluminio 319 con y sin modificación,2022,Ingeniería Química Metalúrgica
"Abarca Pastrana, Helí Moisés,","""Determinación de la resistencia mecánica de un acero AHSS de fase compleja tratado térmicamente""",2021,Ingeniería Química Metalúrgica
"Alquicira Reyes, Alejandra,",Análisis térmico y estructural de la aleación binaria Ni58.5-Nb41.5,2021,Ingeniería Química Metalúrgica
"Aponte Valencia, Edgar,",Simulación computacional de la implementación del proceso de despojo galvánico con piroconversión para la remoción del hierro en una planta esde de obtención de cobre,2021,Ingeniería Química Metalúrgica
"Castro Favila, Ana Daniela,",Desarrollo y caracterización de anodizado hidrofóbico resistente a la corrosión en intercambiadores de calor (tubos) base aluminio,2021,Ingeniería Química Metalúrgica
"Catalán Godinez, Sesandary Guadalupe,","Efecto del flujo de gas, el número y la posición de inyectores sobre el mezclado térmico en ollas agitadas con gas asistido por la técnica plif térmica",2021,Ingeniería Química Metalúrgica
"Degalez Durán, Jorge Eduardo,",Síntesis y caracterización microestructural de materiales compuestos de matriz metálica al 6061/TIB2 obtenidos mediante la técnica in-situ,2021,Ingeniería Química Metalúrgica
"García García, Roberto Damián,",Generación de extremidades recombinantes con células estromales mesenquimales provenientes de sangre de cordón umbilical,2022,Investigación Biomédica Básica
"Soriano Rodríguez, Karla Itzel,",Generación y trasplante de organoides de mesencéfalo humano en un modelo animal de enfermedad de Parkinson,2022,Investigación Biomédica Básica
"Albarrán Godínez, Adrián,",Sobreexpresión de NeST promueve la producción de IFN-gamma en linfocitos T CD8,2021,Investigación Biomédica Básica
"Blanco Salazar, María José,",Regulación transcripcional mediada por las fronteras del TAD de tara en células embrionarias de Drosophila Melanogaster,2021,Investigación Biomédica Básica
"López Filloy, Mariana,","Análisis de la relación entre el Virus del Papiloma Humano, el microbioma y la respuesta inflamatoria en el moco cérvico-vaginal de mujeres con eversión glandular",2021,Investigación Biomédica Básica
"Navarro Espindola, Raful,",Dinámica peroxisomal y mitocondrial mediada por la proteína Dnm1 de Podospora anserina,2021,Investigación Biomédica Básica
"Orozco Contreras, María Eugenia,",Caracterización de la modulación de la función del dominio sensor de voltaje por protones en el canal de potasio Shaker,2021,Investigación Biomédica Básica
"Suárez Rojas, Gerardo,",PP2A B55Î² limita la capacidad antitumoral de las células dendríticas,2021,Investigación Biomédica Básica
"Campos Chávez, Eduardo,",Estudios biofísicos y estructurales del complejo bacGIyRS-tRNA,2020,Investigación Biomédica Básica
"Benítez Ramírez, Fátima Eréndira,",Estudio de los cambios morfológicos de los islotes pancreáticos maternos en ratones primíparos y multíparos,2019,Investigación Biomédica Básica
"Barba Aguilar, Zayra Abigail,","Focalización narrativa, una perspectiva desde el narrador sobre personajes y espacios en Gente que vino a mi boda de Soledad Puértolas",2022,Lengua y Literaturas Hispánicas
"Cabrera Peña, Luis Ángel,",La rima transparente como rima semántica general y extrasistemática,2022,Lengua y Literaturas Hispánicas
"Cobos Rivero, Metztli Saray,",Análisis morfológico y semántico en la terminología del ámbito tecnológico del siglo XXI,2022,Lengua y Literaturas Hispánicas
"Córdova Ramírez, Joshua Abigail,",Los dos claveles (historia vulgar) :otra novela corta de Amado Nervo,2022,Lengua y Literaturas Hispánicas
"Flores García, Stephanie Marlene,",Análisis de un incómodo desorden :la forma del tiempo en Artemisa Café,2022,Lengua y Literaturas Hispánicas
"Guerrero Briviesca, Luis Netzahualcóyotl,",Análisis acústico de los fonemas /X/ Y /R/ en la producción oral de lusoparlantes brasileños del estado de Río de Janeiro aprendientes del español,2022,Lengua y Literaturas Hispánicas
"Hernández Saldaña, Ignacio,",Sobre la figura autorial en la obra de Gabriel Zaid,2022,Lengua y Literaturas Hispánicas
"Herrera Santillán, Donovan Alexis,","No sólo educación, también literatura :la idea de literatura infantil en Mi caballito blanco, de Miguel N. Lira y Antonio Acevedo Escobedo",2022,Lengua y Literaturas Hispánicas
"López Alemán, Guillermo Iván,",La perspectiva narrativa en tres cuentos fantásticos de fantasmas de Francisco Tario,2022,Lengua y Literaturas Hispánicas
"López Córtes, Gabriela,",Hacia la reinvención de espacios marginados :análisis espacial narrativo en cuentos de Roberto Bolaño,2022,Lengua y Literaturas Hispánicas
"Acosta Basurto, Aldair,",Una doble lectura en el verso 4 del fragmento 876C de los poetae Melici Graeci,2022,Letras Clásicas
"Ángeles Veruete, Rodrigo,",La figura del philosophos en la apología kratous de Platón,2022,Letras Clásicas
"Contreras Novoa, Jesús,","Materialia para la enseñanza de la tercera unidad del programa de Etimologías Grecolatinas del Español en la Escuela Nacional Preparatoria :teoría, ejercicios y vocabulario",2022,Letras Clásicas
"García Silva García, Ana Carolina,","Historias de fantasmas :la carta VIII, 27 de Plinio el Joven",2022,Letras Clásicas
"González Tamayo, Lexie Sofía,",Base de datos :términos latinos en las sentencias de la Suprema Corte de Justicia de la Nación,2022,Letras Clásicas
"Álvarez Monroy, Emilio,",El discurso astrológico de Trimalción :análisis de sus elementos humorísticos,2021,Letras Clásicas
"Arroyo Hoyos, Selene,",Aproximación a [selhniázomai] en el Evangelio de Mateo,2021,Letras Clásicas
"Escalante Villegas, Darío Antonio,",El Séneca de Lipsio :la estética de la recepción como modelo para el estudio de la literatura antigua,2021,Letras Clásicas
"Guillén Patiño, Ángel,",Memorias auténticas de Zósimo de Panópolis,2021,Letras Clásicas
"Martínez Moreno, Romelia Marina,",Evolución del latín al español :estudio diacrónico del latín de la Península Ibérica de los siglos IV al IX,2021,Letras Clásicas
"Briseño Álvarez, Liliana,",El teatro infantil :El circo de la inclusión de Mariana Lozano,2022,Literatura Dramática y Teatro
"Mondragón Alonzo, José Jorge,",Guión de largometraje :La institución,2022,Literatura Dramática y Teatro
"Morales Obregón, Miguel Ángel,",Proceso de actuación para interpretar el personaje Arcadio Coyote-Corvus en Ánimas,2022,Literatura Dramática y Teatro
"Moreno Rivera, Diana Lizet,",Teatralizando la bioética :tres ejercicios para concientizar el valor del agua en el mundo y el respeto a la vida de los animales no humanos,2022,Literatura Dramática y Teatro
"Sánchez Martínez, María Guadalupe,",La expectación de lo documental la incidencia de la técnica documental en la aproximación que tienen los espectadores con lo real y lo ficcional :Tijuana de lagartijas tiradas al sol,2022,Literatura Dramática y Teatro
"Álvarez Baltazar, José Alberto,",Producción ejecutiva escénica,2021,Literatura Dramática y Teatro
"Álvarez Martínez, Carla Mireya,",Gitanos teatro :una propuesta de encuentro intercultural a través del teatro como medio,2021,Literatura Dramática y Teatro
"Anzorena Martínez, Inés Alejandra,",Cuerpo y territorio :un estudio sobre el Centro Cultural Tijuana y el Centro Cultural del Bosque (CDMX),2021,Literatura Dramática y Teatro
"Arias Martínez, Diego Olaf,",Teatro y mercadotecnia digital :fundamentos y una propuesta de aplicación para la difusión teatral,2021,Literatura Dramática y Teatro
"Ávila Saulés, Daniel Alejandro,",La ciencia ficción en la obra dramática Terraza con jardín infernal de Francisco Tario,2021,Literatura Dramática y Teatro
"Aguilar Gómez, Abraham,",Episodios sobrenaturales en las hagiografías sobre Jerónima de la Asunción :perfecta religiosa (1662) y exemplo de todas las virtudes y vida milagrosa de Geronyma de la Assumpcion (1713),2022,Literatura Intercultural
"Alanís Corral, Araceli María,",Primer libro de la alejandríada de Francisco Javier Alegre :traducción comentada,2021,Literatura Intercultural
"Bello Ángeles, Beatriz Cristina,",La identidad mexicana según la obra teatral Nuestra señora del hueso de Hugo Argüelles,2021,Literatura Intercultural
"Cerriteño Chávez, Karla Giovanna,",Contar lo vivido. Narrativas de la memoria en la ficción de la posdictadura chilena,2021,Literatura Intercultural
"Colunga López, Saúl,",La perspectiva como elemento interpretativo en la narrativa de Enter the void de Gaspar Noé,2021,Literatura Intercultural
"Guzmán Ortiz, Frida Citlalli,","Informe de los méritos de la Ciudad de Tlaxcala :edición, estudio y notas",2021,Literatura Intercultural
"Rico León, Patricia Georgina,","Vida, escritura y pensamiento :Los diarios filosóficos de José Gaos (1936-1958)",2021,Literatura Intercultural
"Cadenas León, Daniela,",Las cortesíadas de Juan Cortés Osorio :edición con estudio introductorio y notas de un poema épico español sobre la conquista de México,2020,Literatura Intercultural
"Cardoso Alvarado, Sandra Carolina,","Los japoneses y la religión católica en Japón :análisis de los textos de Francisco Javier, Alessandro Valignano y Rodrigo de Vivero (1548 a 1626)",2020,Literatura Intercultural
"Ortegajorda Sánchez, Johanna Javi,",Aproximaciones a Safo :quince fragmentos traducidos por José Emilio Pacheco,2020,Literatura Intercultural
"Patlán García, Nayeli Anaí,","Impactos en la dinámica atmosférica debido al cambio de uso de suelo asociado al crecimiento antropogénico en la Península de Yucatán, México",2022,Manejo Sustentable de Zonas Costeras
"Alcántara Torres, Luis Arturo,","Análisis del potencial ecoturístico de los arrecifes artificiales de Chabihau, Yucatán, México",2021,Manejo Sustentable de Zonas Costeras
"Ávila Mosqueda, Silvia Valery,","No todo lo que llega a la playa es sargazo :caracterización y potencial de aprovechamiento de los arribazones de macroalgas en Sisal, Uucatán",2021,Manejo Sustentable de Zonas Costeras
"Osnaya Miranda, Miguel Ángel,","Contribuciones biológicas, pesqueras y normativas para un ordenamiento pesquero deportivo-recreativo en la península de Yucatán",2021,Manejo Sustentable de Zonas Costeras
"Avalos Morales, Luis Octavio,",Distribución potencial de las aves costeras del atlántico mexicano para determinar zonas prioritarias de conservación,2020,Manejo Sustentable de Zonas Costeras
"González Sánchez, Nancy Pamela,","Análisis de la pesca recreativa en los muelles de la costa de Yucatán, elementos para su manejo",2020,Manejo Sustentable de Zonas Costeras
"Ríos Contreras, Karen,",Los microorganismos como indicadores de la calidad ambiental en cuerpos de agua de uso turístico en la Península de Yucatán :una propuesta de manejo en el contexto de la política ambiental,2020,Manejo Sustentable de Zonas Costeras
"Cervantes Pichardo, Alexis,",Análisis interdisciplinario de los procesos de contaminación del agua subterránea en el noreste de Yucatán,2019,Manejo Sustentable de Zonas Costeras
"Gallegos Jaimes, Luis Ángel,",Metales y arsénico en la Zona Metropolitana de Mérida (ZMM) :uso de un sistema de información geográfica (SIG) para evaluación de la presión ambiental (riesgo potencial),2019,Manejo Sustentable de Zonas Costeras
"Martínez Cerda, Rosa Elena,","Efecto de la hormona GnRHa y pimozide sobre la producción de esperma en machos de robalo blanco Centropomus undecimalis (BLOCH, 1792)",2019,Manejo Sustentable de Zonas Costeras
"Cruz Colín, Zayra Eugenia,",Estudio de los grupos ortocéntricos de puntos,2022,Matemáticas
"Giral Barajas, José,",Modelo epidemiológico probabilista con microdinámicas y tiempo reverso,2022,Matemáticas
"Hernández Alvarado, Ángel Jonathan,","Sistema de gestión de la calidad para la unidad de talleres, laboratorios y audiovisuales de la Facultad de Estudios Superiores Acatlán",2022,Matemáticas
"Lechuga Ramos, Jessica,",Algoritmos genéticos para la optimización de cifrado de imágenes mediante sistemas caóticos,2022,Matemáticas
"León Rodríguez, Eduardo,",Una introducción a la cohomología inducida por comónadas,2022,Matemáticas
"Manríquez Castillo, Roberto,","Introducción a las funciones elípticas, enfoque de Lipman Bers",2022,Matemáticas
"Martínez Cantú, César Osvaldo,",Análisis bioinformático para la identificación de genes expresados diferencialmente en la progresión del carcinoma hepatocelular,2022,Matemáticas
"Mendoza Dimas, José Manuel,",Una construcción geométrica de clases características,2022,Matemáticas
"Montiel Gracida, Mitzi Dayana,",Teoría de gráficas y su aplicación para resolver problemas prácticos,2022,Matemáticas
"Santana Plascencia, Fernando,",La dinámica caótica de la función F(z)=z&nbsp;2-2conj(z) en ciertos subconjuntos invariantes del plano complejo,2022,Matemáticas
"Hernández Alvarado, Ángel Jonathan,","Sistema de gestión de la calidad para la unidad de talleres, laboratorios y audiovisuales de la Facultad de Estudios Superiores Acatlán",2022,Matemáticas Aplicadas
"Lechuga Ramos, Jessica,",Algoritmos genéticos para la optimización de cifrado de imágenes mediante sistemas caóticos,2022,Matemáticas Aplicadas
"Martínez Cantú, César Osvaldo,",Análisis bioinformático para la identificación de genes expresados diferencialmente en la progresión del carcinoma hepatocelular,2022,Matemáticas Aplicadas
"Antonio Rojas, Alexis David,",Pronóstico para la producción de metano en un sistema de extracción forzada de biogás,2021,Matemáticas Aplicadas
"Arenas Martínez, Amanda Rubí,",Control de la salud a través de la medicina deportiva utilizando un sistema basado en conocimiento y machine learning,2021,Matemáticas Aplicadas
"Callejas Hernández, Cipriano,",Controlabilidad de la ecuación de Poisson donde el control es el dominio de definición,2021,Matemáticas Aplicadas
"Flores Hernández, Juan Alberto,","Desarrollo de un portal web responsivo para el CEDAM iOS Lab de la FES Acatlán utilizando las tecnologías Flex, Git, Google Apps, JQuery, HTML, CSS y JavaScript",2021,Matemáticas Aplicadas
"Galván Sandoval, Diego Alexis,","Exploración y análisis espacial en elecciones locales :la medición y detección de los usos electorales del gasto social en la alcaldía de Coyoacán, Ciudad de México",2021,Matemáticas Aplicadas
"González Sevilla, Magdalena,",Estudio de la conciencia de la seguridad computacional en la FES Acatlán,2021,Matemáticas Aplicadas
"Sánchez Noguez, Josefina,",Estructuras de datos multi-dimensionales para cálculo numérico en CUDA C,2021,Matemáticas Aplicadas
"Hernández Alvarado, Ángel Jonathan,","Sistema de gestión de la calidad para la unidad de talleres, laboratorios y audiovisuales de la Facultad de Estudios Superiores Acatlán",2022,Matemáticas Aplicadas y Computación
"Lechuga Ramos, Jessica,",Algoritmos genéticos para la optimización de cifrado de imágenes mediante sistemas caóticos,2022,Matemáticas Aplicadas y Computación
"Martínez Cantú, César Osvaldo,",Análisis bioinformático para la identificación de genes expresados diferencialmente en la progresión del carcinoma hepatocelular,2022,Matemáticas Aplicadas y Computación
"Antonio Rojas, Alexis David,",Pronóstico para la producción de metano en un sistema de extracción forzada de biogás,2021,Matemáticas Aplicadas y Computación
"Arenas Martínez, Amanda Rubí,",Control de la salud a través de la medicina deportiva utilizando un sistema basado en conocimiento y machine learning,2021,Matemáticas Aplicadas y Computación
"Callejas Hernández, Cipriano,",Controlabilidad de la ecuación de Poisson donde el control es el dominio de definición,2021,Matemáticas Aplicadas y Computación
"Flores Hernández, Juan Alberto,","Desarrollo de un portal web responsivo para el CEDAM iOS Lab de la FES Acatlán utilizando las tecnologías Flex, Git, Google Apps, JQuery, HTML, CSS y JavaScript",2021,Matemáticas Aplicadas y Computación
"Galván Sandoval, Diego Alexis,","Exploración y análisis espacial en elecciones locales :la medición y detección de los usos electorales del gasto social en la alcaldía de Coyoacán, Ciudad de México",2021,Matemáticas Aplicadas y Computación
"González Sevilla, Magdalena,",Estudio de la conciencia de la seguridad computacional en la FES Acatlán,2021,Matemáticas Aplicadas y Computación
"Sánchez Noguez, Josefina,",Estructuras de datos multi-dimensionales para cálculo numérico en CUDA C,2021,Matemáticas Aplicadas y Computación
"Galicia López, Víctor Manuel,","Acreditación y promedio de calificación entre los examenes modulares tradicional y por aprendizaje basado en problemas, en la carrera de médico cirujano de la FES-Zaragoza, en 2012 y 2013",2021,Médico Cirujano
"Velázquez Garnica, Alejandra,",Factores que intervienen en la referencia de pacientes con aparente urgencia hipertensiva,2021,Médico Cirujano
"Reyes Tinoco, Ricardo,","Evaluación geronto - geriátrica integral en los adultos mayores que acuden al Centro de Desarrollo Comunitario Nueva San Miguel en el Municipio de Chalco, Estado de México",2019,Médico Cirujano
"Rodríguez López, Tony,",Zika en el primer trimestre de gestación en la poblacion de Monclova Coahuila,2019,Médico Cirujano
"Guevara García, Alma Nayeli,","Factores de riesgo asociados al fenómeno de no reflujo en pacientes con infarto agudo al miocardio en la Unidad de Medicina Crítica del Hospital Regional Licenciado Adolfo López Mateos, ISSSTE",2018,Médico Cirujano
"Oropeza Gamez, Miguel David,",Revisión bibliográfica sobre la importancia de la cuantificación de alcohol en humor vítreo en cadáveres de 20-35 años,2018,Médico Cirujano
"Rodríguez Díaz, Yadira Jhasue,",Factores que limitan la adherencia a la detección del cáncer de mama en la UMF nÂ°64 del IMSS,2018,Médico Cirujano
"Torres Vivanco, Omar Alejandro,",Estado nutricional de los adultos mayores ambulatorios en la localidad de Tinún en el estado de Campeche,2018,Médico Cirujano
"Alonzo Acevedo, Laura Karina,",Prevalencia del consumo de tabaco y su relación con la depresión en los estudiantes de primer año de la carrera de médico cirujano de la Facultad de Estudios Superiores Zaragoza en el 2017,2017,Médico Cirujano
"Azcárate Soto, Virginia,",Motivos por los cuales el paciente acude a un servicio de urgencias :encuesta en un hospital de tercer nivel de atención ISSSTE,2016,Médico Cirujano
"Alanís Sánchez, Andrea,","Tráfico ilegal de especies silvestres, situación actual en México en el 2021",2022,Medicina Veterinaria y Zootecnia
"Arroyo León, Erika,","Inmunoterapia en cáncer de perros y gatos :anticuerpos monoclonales como terapia complementaria, estudio de revisión",2022,Medicina Veterinaria y Zootecnia
"Baez Vazquez, Luis Rey,",Análisis de riesgo en el bienestar de conejo para el abasto,2022,Medicina Veterinaria y Zootecnia
"Cardoso Luna, Grecia Madeleine,",Efecto de la administración de un bacteriófago en el prechiller sobre el conteo de mesófilos y coliformes en canales de pollo de engorda,2022,Medicina Veterinaria y Zootecnia
"Casimiro Pineda, Cynthia Belén,",Tesina por trabajo profesional en el módulo de equinos del centro de enseñanza agropecuaria,2022,Medicina Veterinaria y Zootecnia
"Cervantes Apango, Abimael,","Reporte de prácticas profesionales en la Reserva de la Biosfera Calakmul, Campeche, durante los meses de febrero a agosto de 2019 :tapir centroamericano (Tapirus bairdii) : estudio de caso",2022,Medicina Veterinaria y Zootecnia
"Escalona Sarabia, Ana Luisa,",Utilidad de los modelos experimentales animales para evaluar el papel que los eicosanoides desempeñan en la tuberculosis humana :estudio de revisión,2022,Medicina Veterinaria y Zootecnia
"Flores Ramírez, Eunice Zurizadai,",Predicción del perfil detallado de ácidos grasos en leche por medio de espectroscopia infrarroja,2022,Medicina Veterinaria y Zootecnia
"García Mora, Luis Fernando,",Patologías de tejidos blandos y óseos en la articulación interfalángica proximal (cuartilla) del equino :estudio de revisión,2022,Medicina Veterinaria y Zootecnia
"García Sánchez, Ximena,",Relación entre hábitos alimenticios y presencia de microplásticos en el tracto gastrointestinal de individuos juveniles de tiburón martillo común Sphyrna lewini en el Golfo de California,2022,Medicina Veterinaria y Zootecnia
"Gaona Carranza, Axel Melchor,",Predicción de nuevos materiales aururos con estructura tipo perovskita doble,2021,Nanotecnología
"Lecanda Rodríguez, Rodrigo,",Síntesis y caracterización de nanovarillas de óxido de manganeso,2021,Nanotecnología
"Martínez Gómez, Luis Fernando,",Plasmones hiperbólicos en sistemas bidimensionales de DIRAC,2021,Nanotecnología
"Méndez Ávalos, Diana,",Entanglement harvesting of three unruh-dewitt detectors,2021,Nanotecnología
"Miranda Cortez, Patsy Arely,",Caracterización de la estructura electrónica del grafeno y óxido de grafeno depositados sobre la superficie (0001) del óxido de zinc por microscopía y espectroscopía túnel,2021,Nanotecnología
"Rodríguez Marino, Luis Ricardo,",Nanopartículas de plata como potenciales agentes para el tratamiento de leucemia,2021,Nanotecnología
"Blanco Salazar, Alberto,",Evaluación de citotoxicidad de nanopartículas de plata en cultivos primarios de ratones BALB/c,2020,Nanotecnología
"Cruz Ramírez, Omar Ulises,",Estudios preliminares para la aplicación de nanopartículas de plata en el tratamiento de cáncer de colon,2020,Nanotecnología
"González García, Ariadna,",Captura de dióxido de carbono y conversión a través de reformado seco de metano sobre NiO-Li4SiO4,2020,Nanotecnología
"Huerta Salcedo, Juan Antonio,",Fabricación y caracterización de sensor de oxígeno basado en películas delgadas,2020,Nanotecnología
